﻿No,Student Code,Student Name,Script Code,Submitted Time,Evaluated Time,Coding Convention,Result,Total point,Error
1,SE63155,Nguyễn Huy Thức,Java_439576447_DE01
2,SE62847,Trần Đại Thành,Java_439576450_DE02
3,SE62882,Lâm Thanh Phát,Java_439576447_DE01
4,SE63146,Võ Nhật Thiên,Java_439576450_DE02
5,SE61902,Trần Tiến Hòa Bình,Java_439576447_DE01
6,SE61616,Nguyễn Khôi Nguyên,Java_439576450_DE02
7,SE62289,Đàm Đình Đức Trung,Java_439576447_DE01
8,SE62792,Đồng Bảo Long,Java_439576450_DE02
9,SE62804,Nguyễn Tiến Thiên,Java_439576447_DE01
10,SE62823,Lê Phát Đạt,Java_439576447_DE01
11,SE62841,Văn Đức Quốc Anh,Java_439576447_DE01
12,SE62867,Hoàng Đại Dương,Java_439576447_DE01
13,SE62878,Trần Minh Chiến,Java_439576450_DE02
14,SE62915,Nguyễn Toàn Thắng,Java_439576450_DE02
15,SE63030,Nguyễn Trung Nguyên,Java_439576447_DE01
16,SE63073,Trần Đức Thọ,Java_439576447_DE01
17,SE63151,Đặng Hữu Lễ,Java_439576450_DE02
18,SE63152,Lê Trung,Java_439576450_DE02
19,SE63192,Phạm Minh Trương,Java_439576450_DE02
20,SE63200,Phạm Hoài Vũ,Java_439576447_DE01
21,SE63220,Nguyễn Khải Ngộ,Java_439576450_DE02
22,SE63236,Nguyễn Quốc Dũng,Java_439576447_DE01
23,SE63254,Nguyễn Hải Phương,Java_439576447_DE01
24,SE63284,Ngô Thị Mỹ Dung,Java_439576447_DE01
25,SE63369,Trương Minh Nhật Quang,Java_439576450_DE02
