﻿{
  "events": [
    {
      "name": "sendKeysToElementById",
      "code": "driver.findElement(By.id(paramName)).clear(); <br/>driver.findElement(By.id(paramName)).sendKeys(paramValue); ",
      "listParams": [
        {
          "paramName": "txtUsername",
          "paramType": "thanhtd"
        },
        {
          "paramName": "txtPassword",
          "paramType": "123456"
        }
      ],
      "subject": "Java"
    },
    {
      "name": "sendKeysToElementByName",
      "code": "driver.findElement(By.name(paramName)).clear(); <br/>driver.findElement(By.name(paramName)).sendKeys(paramValue); ",
      "listParams": [
        {
          "paramName": "txtUsername",
          "paramType": "thanhtd"
        },
        {
          "paramName": "txtPassword",
          "paramType": "123456"
        }
      ],
      "subject": "C# .NET"
    }
  ]
}