﻿No,Student Code,Student Name,Script Code,Submitted Time,Evaluated Time,Coding Convention,Result,Total point,Error
1,SE62847,Trần Đại Thành,JavaWeb_236388046_DE01
2,SE62882,Lâm Thanh Phát,JavaWeb_236388046_DE01
3,SE63146,Võ Nhật Thiên,JavaWeb_236388046_DE01
4,SE61902,Trần Tiến Hòa Bình,JavaWeb_236388046_DE01
5,SE61616,Nguyễn Khôi Nguyên,JavaWeb_236388046_DE01
6,SE62289,Đàm Đình Đức Trung,JavaWeb_236388046_DE01
7,SE62792,Đồng Bảo Long,JavaWeb_236388046_DE01
8,SE62804,Nguyễn Tiến Thiên,JavaWeb_236388046_DE01
9,SE62823,Lê Phát Đạt,JavaWeb_236388046_DE01
10,SE62841,Văn Đức Quốc Anh,JavaWeb_236388046_DE01
11,SE62867,Hoàng Đại Dương,JavaWeb_236388046_DE01
12,SE62878,Trần Minh Chiến,JavaWeb_236388046_DE01
13,SE62915,Nguyễn Toàn Thắng,JavaWeb_236388046_DE01
14,SE63030,Nguyễn Trung Nguyên,JavaWeb_236388046_DE01
15,SE63073,Trần Đức Thọ,JavaWeb_236388046_DE01
16,SE63151,Đặng Hữu Lễ,JavaWeb_236388046_DE01
17,SE63152,Lê Trung,JavaWeb_236388046_DE01
18,SE63192,Phạm Minh Trương,JavaWeb_236388046_DE01
19,SE63200,Phạm Hoài Vũ,JavaWeb_236388046_DE01
20,SE63220,Nguyễn Khải Ngộ,JavaWeb_236388046_DE01
21,SE63236,Nguyễn Quốc Dũng,JavaWeb_236388046_DE01
22,SE63254,Nguyễn Hải Phương,JavaWeb_236388046_DE01
23,SE63284,Ngô Thị Mỹ Dung,JavaWeb_236388046_DE01
24,SE63369,Trương Minh Nhật Quang,JavaWeb_236388046_DE01
