﻿No,Student Code,Student Name,Script Code,Submitted Time,Evaluated Time,Coding Convention,Result,Total point,Error
1,SE63155,Nguyễn Huy Thức,Java_439576447_DE01
2,SE62847,Trần Đại Thành,Java_439576449_DE02
3,SE62882,Lâm Thanh Phát,Java_439576447_DE01
4,SE63146,Võ Nhật Thiên,Java_439576447_DE01
5,SE62804,Nguyễn Tiến Thiên,Java_439576449_DE02
6,SE62823,Lê Phát Đạt,Java_439576447_DE01
7,SE62841,Văn Đức Quốc Anh,Java_439576447_DE01
8,SE62867,Hoàng Đại Dương,Java_439576450_DE03
9,SE62915,Nguyễn Toàn Thắng,Java_439576449_DE02
10,SE63151,Đặng Hữu Lễ,Java_439576449_DE02
11,SE63152,Lê Trung,Java_439576450_DE03
12,SE63192,Phạm Minh Trương,Java_439576449_DE02
13,SE63220,Nguyễn Khải Ngộ,Java_439576450_DE03
14,SE63254,Nguyễn Hải Phương,Java_439576447_DE01
15,SE63369,Trương Minh Nhật Quang,Java_439576449_DE02
16,SE62880,Phan Vũ Tinh,Java_439576447_DE01
17,SE62831,Nguyễn Minh Hiếu,Java_439576449_DE02
18,SE63332,Vũ Minh Duy,Java_439576447_DE01
19,SE61594,Phan Anh Duy,Java_439576447_DE01
20,SE62886,Ngô Sơn Nam,Java_439576447_DE01
21,SE63130,Thái Thoại Thông,Java_439576449_DE02
22,SE63006,Nguyễn Minh Tú,Java_439576449_DE02
23,SE63559,Nguyễn Đức Thành,Java_439576450_DE03
24,SE62888,Trần Cóc Vàng,Java_439576449_DE02
25,SE63166,Phạm Trần Thanh Phong,Java_439576449_DE02
26,SE62999,Nguyễn Minh Trí,Java_439576450_DE03
27,SE63165,Đào Quang Thịnh,Java_439576447_DE01
